participant_id,task_id,variant,event_type,mouse_x,mouse_y,timestamp
P0004,banner_A_1,A,click,208.61264374966058,220.8798873485475,29.628148854387405
P0005,banner_A_3,A,click,86.18921622899872,212.11522530691536,19.96421237951095
P0008,banner_A_3,A,click,76.64387071017563,217.55253569184606,27.858887767071888
P0012,banner_A_1,A,click,214.73215335007913,226.66873432475535,29.791518456936313
P0014,banner_B_1,B,click,93.42670683307402,231.0197843285552,18.86332835697284
P0018,banner_A_2,A,click,187.33981341079107,235.62096157776736,26.76082058246899
P0019,banner_A_0,A,click,204.5678796793745,219.40147169858963,29.129023425476504
P0025,banner_A_3,A,click,120.34601347097937,227.68509885747346,15.08248048419382
P0027,banner_B_0,B,click,112.51282082541135,226.20334052307493,15.484637810112202
P0029,banner_A_2,A,click,205.67171478347208,210.03398062838832,28.437070439767517
P0035,banner_A_3,A,click,60.80058803423157,230.03081731619994,23.84278518544997
P0036,banner_B_2,B,click,180.71868709703966,211.52838437409565,8.817196235079335
P0039,banner_A_0,A,click,71.40221580760105,213.93385598776027,14.363876452087721
P0040,banner_B_3,B,click,198.4410576000476,213.35284858270555,27.7409745738184
P0041,banner_B_3,B,click,131.54245423489715,224.10428458574705,6.502435270967187
P0043,banner_A_0,A,click,225.14529451600345,210.68077761441776,9.096399364122504
P0053,banner_A_0,A,click,117.14479212351856,235.49738194447409,8.544994071576287
P0056,banner_B_0,B,click,229.11715060307338,211.429741869222,29.395071653078087
P0057,banner_B_2,B,click,237.7151917370312,226.45905440104033,26.85554331316778
P0060,banner_A_3,A,click,109.59979052176588,218.88176132772216,14.979035897846062
P0063,banner_B_1,B,click,189.7562397093474,224.4058681903076,26.26919738402862
P0068,banner_B_3,B,click,169.83630695972533,222.62709258710285,17.96983345455477
P0069,banner_B_2,B,click,93.56506376755726,226.0685823850837,26.240312688617248
P0071,banner_A_0,A,click,154.69175830220738,234.01801151963346,23.556967879510587
P0072,banner_A_3,A,click,109.84891255622124,220.64197974835875,15.066439296721317
P0074,banner_B_0,B,click,177.195703741305,222.71079456991816,5.696409459850186
P0077,banner_A_2,A,click,164.89320478251062,230.01060027725592,17.567809054712757
P0078,banner_A_2,A,click,212.32607354944972,233.14329435646044,7.7614479216180685
P0080,banner_B_3,B,click,223.31279750305373,237.7782403362006,13.555815003625735
P0083,banner_A_1,A,click,117.35950461684834,238.65583811989964,10.870341604069097
P0086,banner_A_3,A,click,222.215059603628,227.71023988282568,12.686637083157919
P0093,banner_B_3,B,click,158.2651225085567,228.40921334232752,20.76367629773143
P0095,banner_B_1,B,click,106.33479237953185,223.29190305787222,20.771267089492337
P0096,banner_A_2,A,click,79.12840979368008,220.49361779227283,19.455450222636156
P0098,banner_A_0,A,click,90.86169685357794,211.63918033024112,21.19094374281877
P0099,banner_A_2,A,click,128.34365351987643,213.00162647123415,26.315396181976055
P0100,banner_A_0,A,click,170.42202471858005,211.47081971382752,25.585871712416417
P0104,banner_B_2,B,click,77.965188866527,230.57366664136893,22.32106521201474
P0109,banner_A_1,A,click,118.73583929436462,214.03941807647197,23.96970997267479
P0111,banner_A_1,A,click,113.51930317051065,235.8832905106899,28.14910802247621
P0115,banner_A_1,A,click,190.35863592692894,213.67493274464317,25.397675730317903
P0117,banner_A_3,A,click,184.29945468981117,221.74029217503562,10.562685281740745
P0118,banner_A_2,A,click,157.27524385542668,231.43887227140388,16.882330084358042
P0119,banner_B_3,B,click,206.32576123085144,218.52663900098037,10.054609074073682
P0121,banner_A_2,A,click,202.20125140986897,233.11983122541903,24.464637844292334
P0123,banner_B_1,B,click,117.62578969496313,213.79943105727685,5.528643672302162
P0125,banner_B_0,B,click,154.18287030065846,232.0982200220183,23.355818923609966
P0133,banner_A_0,A,click,210.5233325228246,239.54090539565826,9.043790235683753
P0135,banner_B_0,B,click,107.82916347123573,239.6563548161019,24.48108436455332
P0140,banner_B_3,B,click,221.2963519185069,221.0946699683859,11.16705364562704
P0142,banner_A_3,A,click,181.1122605286585,228.33175895695064,17.77267514400557
P0143,banner_A_0,A,click,95.29880279908166,232.27018619822795,19.91537656483738
P0146,banner_A_2,A,click,151.8413765779026,213.4394990067968,20.33833004802061
P0149,banner_A_1,A,click,233.13158591921456,221.90760147992526,29.425852465979556
P0154,banner_A_0,A,click,235.2461926357072,238.46231145124744,26.831403153866876
P0163,banner_A_2,A,click,148.12263388498104,210.56796940638048,8.44033021383478
P0166,banner_A_3,A,click,191.0987381087667,221.4352102876411,19.640167128006453
P0185,banner_A_1,A,click,117.47237498853127,230.03851397514578,13.749671395791198
P0188,banner_B_3,B,click,229.5876547479114,232.1988460251414,11.460306719787468
P0189,banner_A_0,A,click,100.47702304935667,220.16346719927446,10.99767422061456
P0193,banner_B_1,B,click,96.46419572420767,229.69072940281484,29.551768172750965
P0195,banner_A_3,A,click,78.60186395446752,228.45259626697313,20.893392464972273
P0200,banner_A_0,A,click,239.38511171645135,210.66120711450233,20.651441933111546
P0208,banner_B_0,B,click,175.6933640979434,232.87555120073154,26.036306127336214
P0210,banner_A_2,A,click,165.89563219387867,235.873179848265,19.9886374961757
P0214,banner_A_1,A,click,121.3686504963068,239.43984973102613,12.262327544312711
P0221,banner_A_1,A,click,103.10133587545923,212.5177951223502,20.242029854158165
P0222,banner_A_0,A,click,97.33081489415585,231.02477818475597,19.950665111290046
P0223,banner_B_2,B,click,225.90336790404925,233.316977974251,19.002073055182336
P0229,banner_B_0,B,click,77.20317698789441,235.85272862548862,7.04510900086129
P0236,banner_B_1,B,click,128.92797790458206,225.12742800036,20.000565100295034
P0245,banner_A_2,A,click,228.27071044014016,229.55276725288954,11.235819044471238
P0246,banner_B_1,B,click,69.15411568843285,222.0846426569463,26.322122405632964
P0247,banner_A_1,A,click,76.80876617895997,229.92682440031112,17.842181433061253
P0248,banner_B_1,B,click,189.85096583825822,232.994152176283,29.59918936563356
P0253,banner_A_3,A,click,109.22064468068938,237.07457430390286,27.3182677391302
P0258,banner_B_3,B,click,89.57924854707807,217.78499850370466,11.420646745944516
P0264,banner_B_2,B,click,222.14456470081984,225.66300517033147,22.292443673911016
P0265,banner_A_3,A,click,200.74069745074684,235.98135216034294,29.891658847424424
P0270,banner_A_3,A,click,67.85144499708875,226.51908220750647,29.928378080012102
P0272,banner_A_0,A,click,199.33818806496672,229.3635185024149,25.37744701183343
P0275,banner_B_1,B,click,134.73097176641969,228.07918304300412,20.4870514573483
P0276,banner_A_0,A,click,139.254715355119,228.04757932436206,18.579668006682663
P0277,banner_A_0,A,click,226.05403540466816,231.0031660740071,12.043277863107175
P0279,banner_B_3,B,click,167.002833447232,222.17232816408776,16.431723847105935
P0280,banner_B_0,B,click,219.06151032894033,237.36351500289098,5.299374669516666
P0289,banner_A_2,A,click,173.90232312125698,220.81264046737823,20.870892488214437
P0295,banner_B_0,B,click,179.9428253945824,233.11405101782873,6.5856701586594575
P0296,banner_B_1,B,click,96.41198117399392,213.0226042013905,19.579252210132545
P0301,banner_B_2,B,click,235.69782207885942,213.80743464135628,14.065799137256224
P0309,banner_A_2,A,click,224.99167408350968,218.58054820199035,14.58538353262015
P0315,banner_B_2,B,click,194.69864109074757,225.85689390766595,9.545118116044772
P0323,banner_B_0,B,click,102.43869604249285,230.03545491105143,24.966298945590648
P0327,banner_A_2,A,click,231.33193152691746,224.89404630166328,27.8040714271496
P0330,banner_B_0,B,click,105.47346222279808,230.31257585407306,20.146621287342928
P0331,banner_B_2,B,click,223.36776739933174,231.55024501588315,24.660617823797054
P0333,banner_B_2,B,click,117.38091962928262,217.35370289417372,15.829638105019058
P0336,banner_B_3,B,click,90.37024060508907,239.23581148387208,10.302341441513924
P0342,banner_B_0,B,click,76.0359604806431,212.21802245466296,8.689831892065632
P0346,banner_B_1,B,click,115.67581148227782,222.18737163225734,17.73890006574164
P0348,banner_A_1,A,click,219.6849682929532,210.50601339122127,24.88145667517722
P0354,banner_B_2,B,click,199.73288337623782,219.51939456377235,16.795758357355364
P0355,banner_A_3,A,click,110.00589100304177,223.18666853774755,7.653351800504197
P0360,banner_B_3,B,click,183.67773943793813,212.7069509528591,5.46414113192689
P0367,banner_A_0,A,click,169.799453686718,224.38143655007556,7.246457230363783
P0369,banner_A_3,A,click,154.151300198109,228.3433963777768,22.945428749587713
P0371,banner_B_1,B,click,229.93496140352943,228.31176594723544,21.50738511108365
P0374,banner_A_3,A,click,180.95007850237863,219.9138621576722,23.455642055819542
P0375,banner_A_3,A,click,179.33395890437725,230.59896446594345,17.633154098576764
P0379,banner_B_2,B,click,140.64596787659605,216.07488545961016,26.066990286507664
P0380,banner_A_1,A,click,226.69658621020164,236.4736935030827,26.930803366213357
P0386,banner_A_2,A,click,204.16151258944748,219.18495561859206,25.26578500004396
P0388,banner_A_2,A,click,72.12759251574522,222.2618744981686,17.701320495557727
P0391,banner_A_1,A,click,226.14495957801378,236.30594812752818,16.134426064663494
P0392,banner_A_0,A,click,170.82637676168085,231.28494561471686,28.013507901715837
P0397,banner_A_1,A,click,143.0568875233381,224.42435437170997,27.930712214330025
P0401,banner_A_1,A,click,121.72138009551614,211.52202921527655,13.567366820843972
P0403,banner_B_0,B,click,194.3960790814246,221.74739904407878,5.048321047633626
P0404,banner_A_2,A,click,150.81408234674532,222.92050136822138,20.051061736285366
P0407,banner_A_2,A,click,124.81741316998075,226.45104701046358,12.482732733704692
P0409,banner_A_3,A,click,195.323216315551,212.81212835942787,7.194690116642073
P0412,banner_B_1,B,click,152.5601153733536,239.4835641875037,7.697324141907312
P0413,banner_A_0,A,click,211.35059952778442,236.6374667233371,5.294748699556174
P0416,banner_B_0,B,click,173.52495011282167,223.8300892208478,15.127321649437175
P0424,banner_A_1,A,click,213.1145565553676,230.35163263133188,12.991124051885015
P0425,banner_A_3,A,click,86.65795190596431,219.74418793260614,17.100118112761802
P0426,banner_B_0,B,click,116.36961085641873,229.62938293791305,9.656169820192869
P0435,banner_B_2,B,click,131.2521006835967,219.05977426891533,17.441921623268726
P0439,banner_A_1,A,click,180.97286710856523,232.3984048631034,27.635138089984032
P0446,banner_B_3,B,click,70.80461788585896,212.10272080436621,20.858847561852045
P0449,banner_B_1,B,click,68.7948177088747,227.5127788491877,7.694859690312784
P0458,banner_A_1,A,click,140.18203478246429,217.73881886283667,21.38163725262201
P0459,banner_A_3,A,click,159.3035324565513,229.70517358887523,6.2556552276437785
P0460,banner_A_0,A,click,224.30706481906435,237.897004208938,11.89857961866251
P0461,banner_A_1,A,click,229.4377422284251,223.31454458915042,8.390490902242577
P0464,banner_A_0,A,click,157.4851436411456,216.33605124657936,22.10232357328017
P0467,banner_B_3,B,click,128.60006588548333,224.21232942952645,12.24826460064004
P0473,banner_B_2,B,click,95.17403371237187,224.08955830933579,29.834191072188574
P0474,banner_A_3,A,click,143.3628015179356,237.28169165589247,23.723827027491946
P0476,banner_B_1,B,click,103.96832109255368,234.76844506952148,19.281081360241103
P0480,banner_A_3,A,click,154.27646958812764,237.18266126359828,7.187552256057193
P0489,banner_A_3,A,click,168.24604873953902,219.45762409518855,22.763033218241418
P0490,banner_A_2,A,click,148.47297860625312,211.04263970322597,22.839848002054858
P0495,banner_B_3,B,click,195.9268764902596,219.08905022245807,22.113127174214256
P0499,banner_B_1,B,click,219.3246009772744,224.99002674817876,9.06146166190237
